<config>
    <array name="update">
		<array name="rmu">
			<key name="file">rmu.zip</key>
			<key name="sign">0b0279d7c73f5b4711dd40d4604f9256</key>
		</array>
		<array name="mcu2">
        	<key name="file">remote_update.zip</key>
        	<key name="sign">7eb732812122850b1803150dd87081eb</key>
        </array>
		<array name="tdr">
        	<key name="file">HiRain-release.tar.gz</key>
        	<key name="sign">7eb732812122850b1803150dd87081eb</key>
        </array>
		<array name="delta">
        	<key name="file">installer_linux</key>
        	<key name="sign">7eb732812122850b1803150dd87081eb</key>
        </array>
		<array name="u-boot">
        	<key name="file">u-boot.imx</key>
        	<key name="sign">7eb732812122850b1803150dd87081eb</key>
        </array>
		<array name="uImage">
        	<key name="file">uImage</key>
        	<key name="sign">7eb732812122850b1803150dd87081eb</key>
        </array>
		<array name="initramfs">
        	<key name="file">initramfs.cpio.gz.rd</key>
        	<key name="sign">7eb732812122850b1803150dd87081eb</key>
        </array>
		<array name="dtb">
        	<key name="file">imx6dl-bluez.dtb</key>
        	<key name="sign">7eb732812122850b1803150dd87081eb</key>
        </array>
    </array>
</config>
